Metric,Year 1,Year 2,Year 3,Year 4,Year 5
=== CUSTOMER METRICS ===,,,,,
Total Customers (End of Year),3,12,25,45,80
Average Contract Value (ACV),"$50,000","$50,000","$50,000","$50,000","$50,000"
Annual Churn Rate,0%,0%,10%,10%,10%
,,,,,
=== REVENUE ===,,,,,
Subscription Revenue,"$150,000","$600,000","$1,250,000","$2,250,000","$4,000,000"
Services Revenue,"$150,000","$200,000","$400,000","$700,000","$1,000,000"
Total Revenue,"$300,000","$800,000","$1,650,000","$2,950,000","$5,000,000"
,,,,,
=== COSTS ===,,,,,
Development Costs,"$1,700,000","$1,300,000",$0,$0,$0
Personnel Costs,$0,"$2,000,000","$3,200,000","$4,700,000","$6,000,000"
Infrastructure & Technology,$0,"$280,000","$440,000","$680,000","$1,000,000"
Sales & Marketing,$0,"$490,000","$845,000","$1,345,000","$2,000,000"
General & Administrative,$0,"$330,000","$445,000","$575,000","$700,000"
Total Operating Costs,"$1,700,000","$4,400,000","$4,930,000","$7,300,000","$9,700,000"
,,,,,
=== PROFITABILITY ===,,,,,
Gross Profit (75% margin),"$225,000","$600,000","$1,237,500","$2,212,500","$3,750,000"
Net Income,"$-1,400,000","$-3,600,000","$-3,280,000","$-4,350,000","$-4,700,000"
Cumulative Cash Position,"$-1,400,000","$-5,000,000","$-8,280,000","$-12,630,000","$-17,330,000"
,,,,,
=== UNIT ECONOMICS ===,,,,,
Customer Acquisition Cost (CAC),N/A,"$54,444","$65,000","$67,250","$57,142"
Customer Lifetime Value (LTV),"$375,000","$375,000","$375,000","$375,000","$375,000"
LTV:CAC Ratio,N/A,6.9:1,5.8:1,5.6:1,6.6:1
Payback Period (months),N/A,17,20,21,18
